Date,Close,High,Low,Open,Volume
2022-01-03,80.43399810791016,80.43399810791016,80.43399810791016,80.43399810791016,0
2022-01-04,88.74099731445312,96.625,85.0,85.0,306
2022-01-05,91.52200317382812,95.69999694824219,88.38500213623047,95.69999694824219,138
2022-01-06,96.50199890136719,97.0199966430664,93.30000305175781,95.26499938964844,74
2022-01-07,88.17400360107422,96.2699966430664,86.58000183105469,95.80000305175781,30
2022-01-10,84.60700225830078,90.4000015258789,84.45999908447266,86.5,74
2022-01-11,78.73600006103516,82.05000305175781,78.73600006103516,81.2249984741211,36
2022-01-12,75.15299987792969,82.25,73.4000015258789,82.25,87
2022-01-13,85.45999908447266,85.9800033569336,72.0,72.0,136
2022-01-14,86.97000122070312,91.80000305175781,85.69999694824219,89.0,120
2022-01-18,78.33399963378906,84.5999984741211,74.88999938964844,83.2750015258789,129
2022-01-19,75.60199737548828,76.5,71.41999816894531,73.94999694824219,47
2022-01-20,75.2030029296875,75.58999633789062,71.0,71.0,51
2022-01-21,78.9800033569336,81.81500244140625,74.76499938964844,74.76499938964844,50
2022-01-24,93.0,93.5999984741211,88.6050033569336,88.6050033569336,66
2022-01-25,93.58200073242188,95.51000213623047,92.38500213623047,92.38500213623047,49
2022-01-26,91.83699798583984,92.44499969482422,89.3949966430664,89.3949966430664,65
2022-01-27,92.3010025024414,92.9000015258789,90.30999755859375,92.25,327
2022-01-28,92.06199645996094,92.06199645996094,92.06199645996094,92.06199645996094,47
2022-01-31,84.6719970703125,84.8499984741211,84.6719970703125,84.8499984741211,1
2022-02-01,76.16699981689453,78.37999725341797,74.80000305175781,78.30000305175781,480
2022-02-02,77.35099792480469,79.0999984741211,76.29000091552734,77.1500015258789,379
2022-02-03,80.2229995727539,80.2229995727539,77.01000213623047,79.5999984741211,334
2022-02-04,82.6520004272461,82.6520004272461,81.47000122070312,81.47000122070312,101
2022-02-07,79.59500122070312,79.73999786376953,77.8499984741211,78.80000305175781,68
2022-02-08,77.30000305175781,82.0,75.4800033569336,81.4800033569336,321
2022-02-09,74.41699981689453,76.69499969482422,73.83499908447266,76.69499969482422,70
2022-02-10,74.35299682617188,74.68000030517578,72.47000122070312,74.02999877929688,154
2022-02-11,77.4260025024414,77.4260025024414,73.30500030517578,73.41500091552734,167
2022-02-14,80.77100372314453,83.5999984741211,79.69499969482422,83.5999984741211,302
2022-02-15,70.91899871826172,76.16999816894531,68.51499938964844,76.05999755859375,126
2022-02-16,69.79499816894531,71.0,68.97000122070312,69.09500122070312,104
2022-02-17,74.91400146484375,75.1500015258789,71.33999633789062,73.3499984741211,53
2022-02-18,73.76200103759766,73.9000015258789,70.56999969482422,72.9749984741211,46
2022-02-22,79.78900146484375,80.34500122070312,71.5250015258789,71.5250015258789,370
2022-02-23,88.89099884033203,88.89099884033203,83.17500305175781,83.17500305175781,42
2022-02-24,134.3159942626953,135.0,106.0999984741211,106.0999984741211,2
2022-02-25,94.4219970703125,94.4219970703125,94.4219970703125,94.4219970703125,1
2022-02-28,98.59500122070312,116.48999786376953,98.59500122070312,116.48999786376953,30
2022-03-01,121.67400360107422,121.67400360107422,103.66500091552734,103.66500091552734,429
2022-03-02,165.54299926757812,165.54299926757812,165.54299926757812,165.54299926757812,2
2022-03-03,160.822998046875,160.822998046875,147.49000549316406,148.0,14
2022-03-04,192.5500030517578,192.5500030517578,192.5500030517578,192.5500030517578,15
2022-03-07,227.2010040283203,227.2010040283203,227.2010040283203,227.2010040283203,11
2022-03-08,214.5540008544922,214.5540008544922,214.5540008544922,214.5540008544922,0
2022-03-09,155.8800048828125,155.8800048828125,155.8800048828125,155.8800048828125,0
2022-03-10,126.39900207519531,126.39900207519531,126.39900207519531,126.39900207519531,0
2022-03-11,131.22900390625,131.22900390625,131.22900390625,131.22900390625,0
2022-03-14,114.52200317382812,114.52200317382812,114.52200317382812,114.52200317382812,1
2022-03-15,115.43900299072266,121.69000244140625,115.43900299072266,121.69000244140625,1
2022-03-16,102.62300109863281,102.62300109863281,102.62300109863281,102.62300109863281,0
2022-03-17,105.08799743652344,110.5,105.08799743652344,110.5,22
2022-03-18,105.04399871826172,105.04399871826172,105.04399871826172,105.04399871826172,14
2022-03-21,96.302001953125,98.72000122070312,96.302001953125,98.72000122070312,5
2022-03-22,98.74700164794922,98.74700164794922,96.30000305175781,96.30000305175781,6
2022-03-23,117.0009994506836,117.0009994506836,117.0009994506836,117.0009994506836,0
2022-03-24,111.60800170898438,116.0,111.60800170898438,116.0,34
2022-03-25,101.26899719238281,101.26899719238281,101.26899719238281,101.26899719238281,36
2022-03-28,102.54499816894531,102.54499816894531,97.5999984741211,97.5999984741211,3
2022-03-29,108.38099670410156,108.38099670410156,108.38099670410156,108.38099670410156,380
2022-03-30,118.97000122070312,118.97000122070312,118.97000122070312,118.97000122070312,0
2022-03-31,125.90599822998047,125.90599822998047,125.90599822998047,125.90599822998047,0
2022-04-01,112.1500015258789,114.75,112.1500015258789,114.75,26
2022-04-04,109.52300262451172,109.52300262451172,109.52300262451172,109.52300262451172,5
2022-04-05,108.56400299072266,108.56400299072266,108.13999938964844,108.13999938964844,4
2022-04-06,106.79100036621094,106.79100036621094,106.79100036621094,106.79100036621094,0
2022-04-07,104.56400299072266,104.56400299072266,104.56400299072266,104.56400299072266,0
2022-04-08,103.88200378417969,103.88200378417969,103.88200378417969,103.88200378417969,0
2022-04-11,100.13700103759766,100.13700103759766,100.13700103759766,100.13700103759766,0
2022-04-12,102.21900177001953,103.75,102.21900177001953,103.75,1
2022-04-13,105.3239974975586,105.3239974975586,105.3239974975586,105.3239974975586,0
2022-04-14,95.62000274658203,95.62000274658203,95.62000274658203,95.62000274658203,0
2022-04-18,95.62000274658203,95.62000274658203,95.62000274658203,95.62000274658203,0
2022-04-19,93.76799774169922,93.76799774169922,93.76799774169922,93.76799774169922,0
2022-04-20,94.23100280761719,96.75,94.23100280761719,96.75,1
2022-04-21,100.06099700927734,100.06099700927734,100.06099700927734,100.06099700927734,0
2022-04-22,94.875,94.875,94.875,94.875,0
2022-04-25,92.83699798583984,92.83699798583984,92.83699798583984,92.83699798583984,0
2022-04-26,103.20800018310547,103.20800018310547,103.20800018310547,103.20800018310547,0
2022-04-27,107.427001953125,107.427001953125,107.427001953125,107.427001953125,0
2022-04-28,100.14199829101562,100.14199829101562,100.14199829101562,100.14199829101562,0
2022-04-29,99.44999694824219,99.44999694824219,99.44999694824219,99.44999694824219,0
2022-05-02,97.0510025024414,97.0510025024414,97.0510025024414,97.0510025024414,0
2022-05-03,99.4260025024414,99.4260025024414,99.4260025024414,99.4260025024414,0
2022-05-04,103.82099914550781,103.82099914550781,103.82099914550781,103.82099914550781,0
2022-05-05,106.50800323486328,106.50800323486328,106.50800323486328,106.50800323486328,0
2022-05-06,101.70800018310547,101.70800018310547,101.70800018310547,101.70800018310547,0
2022-05-09,93.78700256347656,96.31500244140625,93.78700256347656,96.31500244140625,52
2022-05-10,98.8010025024414,98.8010025024414,98.8010025024414,98.8010025024414,0
2022-05-11,94.01200103759766,94.01200103759766,94.01200103759766,94.01200103759766,0
2022-05-12,106.70099639892578,106.70099639892578,106.70099639892578,106.70099639892578,0
2022-05-13,96.88099670410156,96.88099670410156,96.88099670410156,96.88099670410156,0
2022-05-16,92.86000061035156,92.86000061035156,92.86000061035156,92.86000061035156,0
2022-05-17,94.17500305175781,94.17500305175781,94.17500305175781,94.17500305175781,0
2022-05-18,94.53800201416016,96.4749984741211,94.53800201416016,96.4749984741211,5
2022-05-19,91.02400207519531,91.02400207519531,91.02400207519531,91.02400207519531,0
2022-05-20,87.9020004272461,87.9020004272461,87.9020004272461,87.9020004272461,0
2022-05-23,83.28800201416016,85.22000122070312,83.28800201416016,85.22000122070312,5
2022-05-24,84.50700378417969,86.875,84.50700378417969,86.875,5
2022-05-25,88.0780029296875,88.0780029296875,84.83999633789062,85.625,46
2022-05-26,85.97100067138672,85.97100067138672,85.97100067138672,85.97100067138672,0
2022-05-27,86.875,86.875,86.25,86.25,0
2022-05-31,94.00399780273438,94.00399780273438,94.00399780273438,94.00399780273438,0
2022-06-01,85.5510025024414,85.5510025024414,85.5510025024414,85.5510025024414,0
2022-06-02,83.94499969482422,83.94499969482422,83.94499969482422,83.94499969482422,0
2022-06-03,83.10099792480469,83.10099792480469,83.10099792480469,83.10099792480469,0
2022-06-06,82.55799865722656,83.00499725341797,82.55799865722656,83.00499725341797,15
2022-06-07,79.60800170898438,81.0199966430664,79.60800170898438,80.41000366210938,12
2022-06-08,79.40699768066406,79.40699768066406,79.40699768066406,79.40699768066406,0
2022-06-09,84.87999725341797,84.87999725341797,84.87999725341797,84.87999725341797,0
2022-06-10,82.46399688720703,82.46399688720703,82.46399688720703,82.46399688720703,0
2022-06-13,83.4020004272461,83.4020004272461,83.4020004272461,83.4020004272461,0
2022-06-14,97.04000091552734,97.04000091552734,97.04000091552734,97.04000091552734,0
2022-06-15,120.33200073242188,120.33200073242188,120.33200073242188,120.33200073242188,0
2022-06-16,124.36399841308594,124.36399841308594,124.36399841308594,124.36399841308594,0
2022-06-17,117.73799896240234,117.73799896240234,117.73799896240234,117.73799896240234,0
2022-06-21,125.55999755859375,125.55999755859375,125.55999755859375,125.55999755859375,0
2022-06-22,127.1709976196289,127.1709976196289,127.1709976196289,127.1709976196289,0
2022-06-23,133.3470001220703,133.3470001220703,133.3470001220703,133.3470001220703,0
2022-06-24,128.5050048828125,128.5050048828125,128.5050048828125,128.5050048828125,0
2022-06-27,129.45899963378906,129.45899963378906,129.45899963378906,129.45899963378906,0
2022-06-28,129.17599487304688,129.17599487304688,129.17599487304688,129.17599487304688,0
2022-06-29,139.58799743652344,139.58799743652344,139.58799743652344,139.58799743652344,0
2022-06-30,144.51400756835938,144.51400756835938,144.51400756835938,144.51400756835938,0
2022-07-01,147.78399658203125,147.78399658203125,147.78399658203125,147.78399658203125,0
2022-07-05,165.072998046875,165.072998046875,165.072998046875,165.072998046875,0
2022-07-06,170.99899291992188,170.99899291992188,170.99899291992188,170.99899291992188,0
2022-07-07,183.18299865722656,183.18299865722656,183.18299865722656,183.18299865722656,0
2022-07-08,175.21200561523438,175.21200561523438,175.21200561523438,175.21200561523438,0
2022-07-11,164.52000427246094,164.52000427246094,164.52000427246094,164.52000427246094,0
2022-07-12,172.60899353027344,172.60899353027344,172.60899353027344,172.60899353027344,0
2022-07-13,180.5050048828125,180.5050048828125,180.5050048828125,180.5050048828125,0
2022-07-14,175.0330047607422,175.0330047607422,175.0330047607422,175.0330047607422,0
2022-07-15,159.56700134277344,159.56700134277344,159.56700134277344,159.56700134277344,0
2022-07-18,157.25799560546875,157.25799560546875,157.25799560546875,157.25799560546875,0
2022-07-19,154.45700073242188,154.45700073242188,154.45700073242188,154.45700073242188,0
2022-07-20,155.03799438476562,155.03799438476562,155.03799438476562,155.03799438476562,0
2022-07-21,155.60000610351562,155.60000610351562,155.60000610351562,155.60000610351562,0
2022-07-22,159.86399841308594,159.86399841308594,159.86399841308594,159.86399841308594,0
2022-07-25,176.61599731445312,176.61599731445312,176.61599731445312,176.61599731445312,0
2022-07-26,199.91799926757812,199.91799926757812,199.91799926757812,199.91799926757812,0
2022-07-27,205.22500610351562,205.22500610351562,205.22500610351562,205.22500610351562,0
2022-07-28,198.92999267578125,198.92999267578125,198.92999267578125,198.92999267578125,0
2022-07-29,190.9149932861328,190.9149932861328,190.9149932861328,190.9149932861328,0
2022-08-01,200.79400634765625,200.79400634765625,200.79400634765625,200.79400634765625,0
2022-08-02,205.1739959716797,205.1739959716797,205.1739959716797,205.1739959716797,0
2022-08-03,199.19500732421875,199.19500732421875,199.19500732421875,199.19500732421875,0
2022-08-04,199.2480010986328,199.2480010986328,199.2480010986328,199.2480010986328,0
2022-08-05,196.32000732421875,196.32000732421875,196.32000732421875,196.32000732421875,0
2022-08-08,193.05499267578125,193.05499267578125,193.05499267578125,193.05499267578125,0
2022-08-09,192.1840057373047,192.1840057373047,192.1840057373047,192.1840057373047,0
2022-08-10,205.36700439453125,205.36700439453125,205.36700439453125,205.36700439453125,0
2022-08-11,208.11000061035156,208.11000061035156,208.11000061035156,208.11000061035156,0
2022-08-12,206.10800170898438,206.10800170898438,206.10800170898438,206.10800170898438,0
2022-08-15,220.11000061035156,220.11000061035156,220.11000061035156,220.11000061035156,0
2022-08-16,225.91400146484375,225.91400146484375,225.91400146484375,225.91400146484375,0
2022-08-17,225.8350067138672,225.8350067138672,225.8350067138672,225.8350067138672,0
2022-08-18,241.00399780273438,241.00399780273438,241.00399780273438,241.00399780273438,0
2022-08-19,244.5500030517578,244.5500030517578,244.5500030517578,244.5500030517578,0
2022-08-22,276.74798583984375,276.74798583984375,276.74798583984375,276.74798583984375,0
2022-08-23,269.04901123046875,269.04901123046875,269.04901123046875,269.04901123046875,0
2022-08-24,292.1499938964844,292.1499938964844,292.1499938964844,292.1499938964844,0
2022-08-25,321.41400146484375,321.41400146484375,321.41400146484375,321.41400146484375,0
2022-08-26,339.1960144042969,339.1960144042969,339.1960144042969,339.1960144042969,0
2022-08-29,272.6029968261719,272.6029968261719,272.6029968261719,272.6029968261719,0
2022-08-30,252.93699645996094,252.93699645996094,252.93699645996094,252.93699645996094,0
2022-08-31,239.90699768066406,239.90699768066406,239.90699768066406,239.90699768066406,0
2022-09-01,243.00399780273438,243.00399780273438,243.00399780273438,243.00399780273438,0
2022-09-02,214.6649932861328,214.6649932861328,214.6649932861328,214.6649932861328,0
2022-09-06,239.8419952392578,239.8419952392578,239.8419952392578,239.8419952392578,0
2022-09-07,213.88299560546875,213.88299560546875,213.88299560546875,213.88299560546875,0
2022-09-08,220.54100036621094,220.54100036621094,220.54100036621094,220.54100036621094,0
2022-09-09,207.09100341796875,207.09100341796875,207.09100341796875,207.09100341796875,0
2022-09-12,190.58799743652344,190.58799743652344,190.58799743652344,190.58799743652344,0
2022-09-13,198.61199951171875,198.61199951171875,198.61199951171875,198.61199951171875,0
2022-09-14,217.8820037841797,217.8820037841797,217.8820037841797,217.8820037841797,0
2022-09-15,214.2830047607422,214.2830047607422,214.2830047607422,214.2830047607422,5
2022-09-16,187.79299926757812,187.79299926757812,187.79299926757812,187.79299926757812,0
2022-09-19,182.26199340820312,182.26199340820312,182.26199340820312,182.26199340820312,0
2022-09-20,194.25900268554688,194.25900268554688,194.25900268554688,194.25900268554688,0
2022-09-21,189.781005859375,189.781005859375,189.781005859375,189.781005859375,0
2022-09-22,187.46800231933594,187.46800231933594,187.46800231933594,187.46800231933594,0
2022-09-23,185.4949951171875,185.4949951171875,185.4949951171875,185.4949951171875,0
2022-09-26,173.83399963378906,173.83399963378906,173.83399963378906,173.83399963378906,0
2022-09-27,186.0989990234375,186.0989990234375,186.0989990234375,186.0989990234375,0
2022-09-28,207.18699645996094,207.18699645996094,207.18699645996094,207.18699645996094,0
2022-09-29,187.6649932861328,187.6649932861328,187.6649932861328,187.6649932861328,0
2022-09-30,188.8000030517578,188.8000030517578,188.8000030517578,188.8000030517578,0
2022-10-03,169.91200256347656,169.91200256347656,169.91200256347656,169.91200256347656,0
2022-10-04,161.9499969482422,161.9499969482422,161.9499969482422,161.9499969482422,0
2022-10-05,173.6929931640625,173.6929931640625,173.6929931640625,173.6929931640625,0
2022-10-06,175.71200561523438,175.71200561523438,175.71200561523438,175.71200561523438,0
2022-10-07,156.20700073242188,156.20700073242188,156.20700073242188,156.20700073242188,0
2022-10-10,154.1179962158203,154.1179962158203,154.1179962158203,154.1179962158203,0
2022-10-11,156.781005859375,156.781005859375,156.781005859375,156.781005859375,0
2022-10-12,160.19000244140625,160.19000244140625,160.19000244140625,160.19000244140625,0
2022-10-13,153.8090057373047,153.8090057373047,153.8090057373047,153.8090057373047,0
2022-10-14,141.9969940185547,141.9969940185547,141.9969940185547,141.9969940185547,0
2022-10-17,127.97799682617188,127.97799682617188,127.97799682617188,127.97799682617188,0
2022-10-18,113.22200012207031,113.22200012207031,113.22200012207031,113.22200012207031,0
2022-10-19,112.51000213623047,112.51000213623047,112.51000213623047,112.51000213623047,0
2022-10-20,127.14700317382812,127.14700317382812,127.14700317382812,127.14700317382812,0
2022-10-21,113.57599639892578,113.57599639892578,113.57599639892578,113.57599639892578,0
2022-10-24,99.16999816894531,99.16999816894531,99.16999816894531,99.16999816894531,0
2022-10-25,99.79399871826172,99.79399871826172,99.79399871826172,99.79399871826172,0
2022-10-26,104.31999969482422,104.31999969482422,104.31999969482422,104.31999969482422,0
2022-10-27,107.38400268554688,107.38400268554688,107.38400268554688,107.38400268554688,0
2022-10-28,112.24400329589844,112.24400329589844,112.24400329589844,112.24400329589844,0
2022-10-31,123.35199737548828,123.35199737548828,123.35199737548828,123.35199737548828,0
2022-11-01,116.19300079345703,116.19300079345703,116.19300079345703,116.19300079345703,0
2022-11-02,125.86299896240234,125.86299896240234,125.86299896240234,125.86299896240234,0
2022-11-03,125.44499969482422,125.44499969482422,125.44499969482422,125.44499969482422,0
2022-11-04,114.78600311279297,114.78600311279297,114.78600311279297,114.78600311279297,0
2022-11-07,109.68299865722656,109.68299865722656,109.68299865722656,109.68299865722656,0
2022-11-08,118.14700317382812,118.14700317382812,118.14700317382812,118.14700317382812,0
2022-11-09,113.14399719238281,113.14399719238281,113.14399719238281,113.14399719238281,0
2022-11-10,113.4520034790039,113.4520034790039,113.4520034790039,113.4520034790039,0
2022-11-11,97.85299682617188,97.85299682617188,97.85299682617188,97.85299682617188,0
2022-11-14,113.7040023803711,113.7040023803711,113.7040023803711,113.7040023803711,0
2022-11-15,124.10399627685547,124.10399627685547,113.70500183105469,113.70500183105469,0
2022-11-16,113.9000015258789,113.9000015258789,113.9000015258789,113.9000015258789,0
2022-11-17,112.55599975585938,112.55599975585938,112.55599975585938,112.55599975585938,0
2022-11-18,115.50900268554688,115.50900268554688,115.50900268554688,115.50900268554688,0
2022-11-21,116.12799835205078,116.12799835205078,116.12799835205078,116.12799835205078,0
2022-11-22,119.63899993896484,119.63899993896484,119.63899993896484,119.63899993896484,0
2022-11-23,129.6199951171875,129.6199951171875,129.6199951171875,129.6199951171875,0
2022-11-25,124.37000274658203,124.37000274658203,124.37000274658203,124.37000274658203,0
2022-11-28,123.28199768066406,123.28199768066406,123.28199768066406,123.28199768066406,0
2022-11-29,132.28599548339844,132.28599548339844,132.28599548339844,132.28599548339844,0
2022-11-30,146.39700317382812,146.39700317382812,146.39700317382812,146.39700317382812,0
2022-12-01,139.25799560546875,139.25799560546875,139.25799560546875,139.25799560546875,0
2022-12-02,135.56199645996094,135.56199645996094,135.56199645996094,135.56199645996094,0
2022-12-05,134.69900512695312,134.69900512695312,134.69900512695312,134.69900512695312,0
2022-12-06,138.48800659179688,138.48800659179688,138.48800659179688,138.48800659179688,0
2022-12-07,149.2449951171875,149.2449951171875,149.2449951171875,149.2449951171875,0
2022-12-08,138.89300537109375,138.89300537109375,138.89300537109375,138.89300537109375,0
2022-12-09,139.11300659179688,139.11300659179688,139.11300659179688,139.11300659179688,0
2022-12-12,136.58999633789062,136.58999633789062,136.58999633789062,136.58999633789062,0
2022-12-13,137.5290069580078,137.5290069580078,137.5290069580078,137.5290069580078,0
2022-12-14,131.51100158691406,131.51100158691406,131.51100158691406,131.51100158691406,0
2022-12-15,134.76699829101562,134.76699829101562,134.76699829101562,134.76699829101562,0
2022-12-16,115.45099639892578,115.45099639892578,115.45099639892578,115.45099639892578,0
2022-12-19,108.54299926757812,108.54299926757812,108.54299926757812,108.54299926757812,0
2022-12-20,105.68800354003906,105.68800354003906,105.68800354003906,105.68800354003906,0
2022-12-21,97.75199890136719,97.75199890136719,97.75199890136719,97.75199890136719,0
2022-12-22,91.93800354003906,91.93800354003906,91.93800354003906,91.93800354003906,0
2022-12-23,82.97699737548828,82.97699737548828,82.97699737548828,82.97699737548828,0
2022-12-27,80.04299926757812,80.04299926757812,80.04299926757812,80.04299926757812,0
2022-12-28,81.35099792480469,81.35099792480469,81.35099792480469,81.35099792480469,0
2022-12-29,83.83000183105469,83.83000183105469,83.83000183105469,83.83000183105469,0
2022-12-30,76.31500244140625,76.31500244140625,76.31500244140625,76.31500244140625,0
2023-01-03,72.31400299072266,72.31400299072266,72.31400299072266,72.31400299072266,0
2023-01-04,65.02200317382812,65.02200317382812,65.02200317382812,65.02200317382812,0
2023-01-05,72.4219970703125,72.4219970703125,72.4219970703125,72.4219970703125,0
2023-01-06,69.53399658203125,76.0,68.0,72.0,7
2023-01-09,74.302001953125,75.4000015258789,70.0999984741211,71.05000305175781,6
2023-01-10,70.07099914550781,76.0,70.07099914550781,73.0,17
2023-01-11,65.34600067138672,67.59500122070312,65.34600067138672,67.59500122070312,6
2023-01-12,66.80899810791016,69.5999984741211,66.80899810791016,69.5999984741211,5
2023-01-13,64.81199645996094,66.30000305175781,62.79999923706055,66.30000305175781,7
2023-01-17,60.06100082397461,65.0,54.5,65.0,7
2023-01-18,61.70899963378906,62.20000076293945,60.0,60.0,11
2023-01-19,60.71699905395508,61.099998474121094,60.29999923706055,60.29999923706055,17
2023-01-20,66.89800262451172,66.89800262451172,66.5,66.5,1
2023-01-23,65.9990005493164,65.9990005493164,64.5999984741211,65.19999694824219,2
2023-01-24,58.26900100708008,66.0,58.26900100708008,66.0,0
2023-01-25,56.65999984741211,57.25,56.599998474121094,57.25,4
2023-01-26,54.814998626708984,56.599998474121094,54.814998626708984,56.599998474121094,1
2023-01-27,55.42499923706055,55.42499923706055,53.0,53.5,6
2023-01-30,55.15599822998047,56.849998474121094,55.15599822998047,56.849998474121094,3
2023-01-31,57.35200119018555,60.20000076293945,57.35200119018555,60.20000076293945,9
2023-02-01,59.527000427246094,59.527000427246094,57.400001525878906,57.400001525878906,3
2023-02-02,57.040000915527344,57.099998474121094,56.70000076293945,57.099998474121094,3
2023-02-03,57.888999938964844,59.20000076293945,57.888999938964844,58.0,8
2023-02-06,58.10900115966797,58.10900115966797,58.10900115966797,58.10900115966797,0
2023-02-07,55.40299987792969,57.70000076293945,55.40299987792969,57.400001525878906,6
2023-02-08,53.6870002746582,53.6870002746582,53.6870002746582,53.6870002746582,0
2023-02-09,52.73400115966797,52.73400115966797,52.73400115966797,52.73400115966797,0
2023-02-10,53.946998596191406,53.946998596191406,53.25,53.25,2
2023-02-13,51.707000732421875,51.707000732421875,51.707000732421875,51.707000732421875,0
2023-02-14,52.38600158691406,52.38600158691406,52.0,52.0,1
2023-02-15,54.715999603271484,54.715999603271484,54.20000076293945,54.20000076293945,1
2023-02-16,52.01100158691406,54.0,52.01100158691406,54.0,11
2023-02-17,49.047000885009766,49.70000076293945,49.047000885009766,49.70000076293945,2
2023-02-21,48.54199981689453,50.79999923706055,48.54199981689453,50.79999923706055,1
2023-02-22,50.56800079345703,50.56800079345703,50.56800079345703,50.56800079345703,0
2023-02-23,50.779998779296875,50.779998779296875,50.779998779296875,50.779998779296875,0
2023-02-24,51.01300048828125,51.01300048828125,51.01300048828125,51.01300048828125,0
2023-02-27,47.29899978637695,47.29899978637695,47.29899978637695,47.29899978637695,6
2023-02-28,46.665000915527344,48.0,46.665000915527344,48.0,4
2023-03-01,47.08399963378906,48.20000076293945,47.0,47.25,5
2023-03-02,46.814998626708984,47.5,46.814998626708984,47.5,3
2023-03-03,44.97999954223633,46.28499984741211,44.97999954223633,45.650001525878906,8
2023-03-06,42.14899826049805,43.29999923706055,41.70000076293945,43.29999923706055,14
2023-03-07,43.369998931884766,43.650001525878906,42.79999923706055,42.79999923706055,24
2023-03-08,42.3390007019043,44.599998474121094,42.3390007019043,44.599998474121094,33
2023-03-09,43.5989990234375,43.5989990234375,41.150001525878906,41.150001525878906,4
2023-03-10,52.856998443603516,54.22999954223633,45.29999923706055,48.0,33
2023-03-13,49.58399963378906,51.82500076293945,48.79999923706055,49.25,36
2023-03-14,44.185001373291016,46.75,44.185001373291016,46.75,141
2023-03-15,42.904998779296875,43.900001525878906,42.650001525878906,43.849998474121094,15
2023-03-16,44.340999603271484,44.650001525878906,42.0,42.0,42
2023-03-17,42.856998443603516,44.0,42.31999969482422,43.79999923706055,135
2023-03-20,39.32500076293945,40.70000076293945,38.85499954223633,40.099998474121094,69
2023-03-21,42.400001525878906,42.400001525878906,38.98500061035156,38.98500061035156,53
2023-03-22,39.974998474121094,41.54999923706055,39.94499969482422,41.54999923706055,107
2023-03-23,43.18600082397461,43.810001373291016,42.244998931884766,42.599998474121094,193
2023-03-24,41.09400177001953,41.75,41.09400177001953,41.75,6
2023-03-27,42.52799987792969,42.52799987792969,42.52799987792969,42.52799987792969,0
2023-03-28,42.75199890136719,42.83000183105469,42.75199890136719,42.83000183105469,10
2023-03-29,42.803001403808594,42.803001403808594,42.803001403808594,42.803001403808594,0
2023-03-30,43.60900115966797,43.60900115966797,43.60900115966797,43.60900115966797,6
2023-03-31,47.845001220703125,47.84299850463867,44.95000076293945,44.95000076293945,6
2023-04-03,51.367000579833984,51.834999084472656,49.900001525878906,49.900001525878906,79
2023-04-04,46.56800079345703,48.94499969482422,45.82500076293945,48.94499969482422,132
2023-04-05,44.57500076293945,47.20000076293945,44.400001525878906,46.599998474121094,105
2023-04-06,43.125,44.0,42.89500045776367,43.76499938964844,0
2023-04-10,43.125,43.125,43.125,43.125,0
2023-04-11,43.69200134277344,44.3650016784668,42.42499923706055,43.099998474121094,94
2023-04-12,42.880001068115234,43.900001525878906,42.880001068115234,43.29499816894531,94
2023-04-13,42.09299850463867,42.60499954223633,41.94499969482422,42.599998474121094,159
2023-04-14,41.14899826049805,41.880001068115234,41.04999923706055,41.04999923706055,283
2023-04-17,41.12699890136719,42.185001373291016,41.04999923706055,42.185001373291016,269
2023-04-18,42.72200012207031,42.9900016784668,41.505001068115234,41.505001068115234,137
2023-04-19,40.29800033569336,42.42499923706055,39.80500030517578,42.42499923706055,212
2023-04-20,40.564998626708984,41.02000045776367,40.400001525878906,40.400001525878906,326
2023-04-21,40.16400146484375,41.150001525878906,39.95000076293945,40.650001525878906,26
2023-04-24,39.92499923706055,39.92499923706055,39.92499923706055,39.92499923706055,0
2023-04-25,39.83300018310547,39.83300018310547,39.83300018310547,39.83300018310547,0
2023-04-26,38.55099868774414,38.55099868774414,38.55099868774414,38.55099868774414,0
2023-04-27,39.03900146484375,39.03900146484375,39.03900146484375,39.03900146484375,1
2023-04-28,38.53799819946289,39.79999923706055,38.29999923706055,39.79999923706055,3
2023-05-01,38.83399963378906,38.83399963378906,38.53799819946289,38.53799819946289,10
2023-05-02,37.52899932861328,38.04999923706055,37.275001525878906,37.86000061035156,244
2023-05-03,36.78200149536133,37.494998931884766,36.400001525878906,37.494998931884766,407
2023-05-04,35.65299987792969,36.95000076293945,35.65299987792969,36.95000076293945,452
2023-05-05,36.57400131225586,36.790000915527344,35.92499923706055,35.92499923706055,337
2023-05-08,36.874000549316406,37.25,36.849998474121094,36.849998474121094,33
2023-05-09,35.95000076293945,36.90999984741211,35.79999923706055,36.625,262
2023-05-10,34.99300003051758,36.0,34.7400016784668,35.70000076293945,213
2023-05-11,34.99300003051758,35.15999984741211,34.66999816894531,34.900001525878906,426
2023-05-12,32.766998291015625,33.95000076293945,32.349998474121094,33.95000076293945,429
2023-05-15,32.31399917602539,33.599998474121094,32.0,32.30500030517578,278
2023-05-16,31.820999145507812,32.93000030517578,31.635000228881836,32.349998474121094,443
2023-05-17,31.952999114990234,32.599998474121094,31.952999114990234,32.599998474121094,153
2023-05-18,29.78499984741211,29.985000610351562,29.78499984741211,29.985000610351562,94
2023-05-19,30.176000595092773,30.176000595092773,30.176000595092773,30.176000595092773,0
2023-05-22,29.711000442504883,30.200000762939453,29.711000442504883,30.200000762939453,171
2023-05-23,29.12700080871582,29.12700080871582,29.12700080871582,29.12700080871582,40
2023-05-24,27.78499984741211,28.6299991607666,27.78499984741211,28.6299991607666,51
2023-05-25,25.45199966430664,26.899999618530273,25.290000915527344,26.899999618530273,43
2023-05-26,24.520000457763672,25.434999465942383,23.790000915527344,25.434999465942383,100
2023-05-30,24.680999755859375,24.680999755859375,24.680999755859375,24.680999755859375,9
2023-05-31,26.851999282836914,27.950000762939453,25.4950008392334,25.4950008392334,38
2023-06-01,23.10300064086914,25.200000762939453,23.10300064086914,25.200000762939453,195
2023-06-02,23.68899917602539,23.844999313354492,23.125,23.75,299
2023-06-05,28.47800064086914,28.69499969482422,24.25,24.25,78
2023-06-06,24.860000610351562,28.299999237060547,24.774999618530273,28.299999237060547,329
2023-06-07,26.33099937438965,26.989999771118164,25.200000762939453,25.350000381469727,735
2023-06-08,26.94499969482422,28.5,26.049999237060547,26.549999237060547,417
2023-06-09,32.04899978637695,33.01499938964844,27.149999618530273,27.149999618530273,284
2023-06-12,31.035999298095703,32.04499816894531,29.399999618530273,31.604999542236328,203
2023-06-13,36.05099868774414,36.05099868774414,31.03499984741211,31.03499984741211,35
2023-06-14,38.3120002746582,40.05500030517578,34.125,34.125,190
2023-06-15,41.14500045776367,43.529998779296875,37.349998474121094,37.349998474121094,184
2023-06-16,35.007999420166016,37.04999923706055,32.400001525878906,34.54999923706055,100
2023-06-20,38.70800018310547,39.349998474121094,31.8799991607666,32.650001525878906,310
2023-06-21,36.74300003051758,38.959999084472656,36.74300003051758,36.79999923706055,2087
2023-06-22,34.09700012207031,36.935001373291016,34.05500030517578,36.900001525878906,531
2023-06-23,32.50699996948242,33.0,32.3849983215332,32.63999938964844,274
2023-06-26,31.975000381469727,34.30500030517578,31.975000381469727,34.30500030517578,77
2023-06-27,34.50600051879883,34.50600051879883,32.349998474121094,32.904998779296875,57
2023-06-28,34.125,34.400001525878906,33.79999923706055,33.79999923706055,30
2023-06-29,35.18000030517578,35.18000030517578,32.29999923706055,32.29999923706055,236
2023-06-30,37.10300064086914,37.650001525878906,35.19499969482422,35.19499969482422,132
2023-07-03,33.92900085449219,37.81999969482422,33.92900085449219,37.81999969482422,401
2023-07-05,34.37300109863281,36.11000061035156,33.80500030517578,33.82500076293945,303
2023-07-06,32.347999572753906,33.2400016784668,32.29999923706055,33.2400016784668,1410
2023-07-07,33.47800064086914,33.584999084472656,32.70500183105469,33.29999923706055,256
2023-07-10,30.226999282836914,32.83000183105469,29.55500030517578,32.83000183105469,767
2023-07-11,29.06100082397461,29.93000030517578,28.90999984741211,29.93000030517578,540
2023-07-12,26.638999938964844,28.579999923706055,26.31999969482422,28.454999923706055,1543
2023-07-13,26.60700035095215,27.545000076293945,26.229999542236328,26.885000228881836,370
2023-07-14,25.957000732421875,28.700000762939453,25.110000610351562,27.56999969482422,1817
2023-07-17,25.10099983215332,25.78499984741211,24.46500015258789,24.46500015258789,3052
2023-07-18,27.069000244140625,27.4950008392334,25.264999389648438,26.0,1764
2023-07-19,26.96299934387207,28.1299991607666,25.59000015258789,27.155000686645508,881
2023-07-20,28.01799964904785,28.01799964904785,25.540000915527344,25.540000915527344,483
2023-07-21,28.163999557495117,30.530000686645508,28.163999557495117,30.0,221
2023-07-24,30.55699920654297,30.55699920654297,28.149999618530273,28.149999618530273,281
2023-07-25,32.64799880981445,32.869998931884766,30.219999313354492,30.219999313354492,283
2023-07-26,29.274999618530273,32.779998779296875,29.065000534057617,32.779998779296875,639
2023-07-27,28.43400001525879,29.450000762939453,28.104999542236328,29.25,448
2023-07-28,25.840999603271484,27.274999618530273,25.840999603271484,27.274999618530273,170
2023-07-31,28.365999221801758,28.924999237060547,27.170000076293945,27.80500030517578,622
2023-08-01,27.12299919128418,29.114999771118164,26.979999542236328,29.114999771118164,2036
2023-08-02,28.742000579833984,29.155000686645508,27.299999237060547,27.299999237060547,2301
2023-08-03,30.472999572753906,31.350000381469727,29.68000030517578,29.875,2083
2023-08-04,28.85300064086914,29.78499984741211,28.645000457763672,29.5,1454
2023-08-07,30.48699951171875,31.06999969482422,29.549999237060547,29.799999237060547,1380
2023-08-08,31.06599998474121,31.69499969482422,29.78499984741211,29.809999465942383,821
2023-08-09,39.823001861572266,43.244998931884766,33.150001525878906,33.150001525878906,668
2023-08-10,37.055999755859375,39.46500015258789,36.59000015258789,37.095001220703125,1296
2023-08-11,35.29999923706055,37.025001525878906,35.18000030517578,37.0,665
2023-08-14,34.433998107910156,36.654998779296875,33.724998474121094,36.650001525878906,461
2023-08-15,38.8129997253418,40.5,36.20000076293945,36.834999084472656,1701
2023-08-16,37.784000396728516,41.83000183105469,37.15999984741211,41.83000183105469,1424
2023-08-17,36.82500076293945,39.32500076293945,36.32500076293945,37.150001525878906,594
2023-08-18,36.40999984741211,37.75,35.685001373291016,36.26499938964844,545
2023-08-21,40.78200149536133,40.869998931884766,38.47999954223633,38.57500076293945,430
2023-08-22,42.90800094604492,44.70000076293945,39.35499954223633,39.35499954223633,5920
2023-08-23,36.7859992980957,42.494998931884766,36.474998474121094,41.650001525878906,719
2023-08-24,31.937999725341797,33.47999954223633,31.725000381469727,33.165000915527344,499
2023-08-25,34.777000427246094,35.70000076293945,33.560001373291016,34.29999923706055,449
2023-08-28,38.41400146484375,38.47999954223633,35.494998931884766,35.494998931884766,105
2023-08-29,35.19499969482422,36.8849983215332,34.80500030517578,36.8849983215332,1953
2023-08-30,35.992000579833984,36.099998474121094,34.42499923706055,34.42499923706055,2925
2023-08-31,35.02899932861328,39.0,34.81999969482422,39.0,2848
2023-09-01,35.617000579833984,37.154998779296875,34.314998626708984,35.75,3052
2023-09-05,34.44900131225586,37.0,32.92499923706055,36.25,3024
2023-09-06,31.075000762939453,34.099998474121094,30.799999237060547,33.68000030517578,2975
2023-09-07,32.755001068115234,33.11000061035156,30.56999969482422,30.954999923706055,187
2023-09-08,34.507999420166016,36.86000061035156,33.98500061035156,35.09000015258789,1926
2023-09-11,35.847999572753906,37.709999084472656,35.60499954223633,36.540000915527344,1664
2023-09-12,34.70100021362305,36.57500076293945,34.334999084472656,35.130001068115234,1240
2023-09-13,36.81700134277344,37.974998474121094,35.27000045776367,35.27000045776367,1868
2023-09-14,35.520999908447266,37.720001220703125,35.18000030517578,37.45000076293945,2223
2023-09-15,36.483001708984375,36.709999084472656,34.814998626708984,35.130001068115234,2236
2023-09-18,34.474998474121094,36.48500061035156,33.95000076293945,34.494998931884766,2546
2023-09-19,36.78200149536133,37.4900016784668,34.04999923706055,34.25,1535
2023-09-20,37.284000396728516,39.27000045776367,35.67499923706055,38.57500076293945,2595
2023-09-21,39.10499954223633,39.334999084472656,35.69499969482422,35.69499969482422,4217
2023-09-22,39.79100036621094,41.73500061035156,39.45500183105469,39.915000915527344,2931
2023-09-25,44.44200134277344,44.72999954223633,39.474998474121094,39.474998474121094,486
2023-09-26,40.321998596191406,42.97999954223633,39.29999923706055,42.849998474121094,828
2023-09-27,39.29600143432617,40.31999969482422,38.720001220703125,40.31999969482422,339
2023-09-28,39.736000061035156,41.599998474121094,39.5,40.630001068115234,1891
2023-09-29,41.85900115966797,43.0,41.22999954223633,43.0,2016
2023-10-02,39.334999084472656,40.61000061035156,38.55500030517578,40.61000061035156,1432
2023-10-03,36.98699951171875,37.88999938964844,35.880001068115234,37.88999938964844,1976
2023-10-04,38.441001892089844,38.64500045776367,36.96500015258789,37.599998474121094,1342
2023-10-05,36.207000732421875,37.619998931884766,36.04999923706055,37.619998931884766,1067
2023-10-06,38.23099899291992,38.51499938964844,35.915000915527344,36.0,2784
2023-10-09,43.952999114990234,44.53499984741211,40.619998931884766,41.16999816894531,864
2023-10-10,49.45500183105469,49.72999954223633,45.22999954223633,46.0099983215332,2089
2023-10-11,46.06800079345703,49.529998779296875,45.67499923706055,48.685001373291016,3008
2023-10-12,53.00199890136719,53.165000915527344,45.345001220703125,45.79499816894531,1726
2023-10-13,53.981998443603516,55.66999816894531,51.185001373291016,53.310001373291016,520
2023-10-16,48.46699905395508,52.98500061035156,48.2599983215332,52.665000915527344,691
2023-10-17,48.895999908447266,49.38999938964844,46.404998779296875,48.209999084472656,203
2023-10-18,50.83300018310547,51.57500076293945,47.650001525878906,48.900001525878906,390
2023-10-19,50.172000885009766,50.61000061035156,46.834999084472656,48.93000030517578,581
2023-10-20,51.11199951171875,52.845001220703125,49.5099983215332,52.845001220703125,1686
2023-10-23,51.2760009765625,51.61000061035156,48.22999954223633,48.22999954223633,192
2023-10-24,49.263999938964844,53.025001525878906,48.4900016784668,50.599998474121094,2201
2023-10-25,49.92399978637695,51.10499954223633,48.90999984741211,50.279998779296875,797
2023-10-26,50.808998107910156,52.20000076293945,49.5099983215332,51.0,2153
2023-10-27,50.53200149536133,51.595001220703125,49.849998474121094,51.0,226
2023-10-30,50.547000885009766,54.42499923706055,50.547000885009766,54.42499923706055,1520
2023-10-31,48.00600051879883,51.959999084472656,47.650001525878906,51.4900016784668,2901
2023-11-01,47.75699996948242,48.94499969482422,46.45000076293945,46.59000015258789,3915
2023-11-02,48.56399917602539,49.345001220703125,46.224998474121094,48.17499923706055,2264
2023-11-03,48.05699920654297,50.369998931884766,46.959999084472656,49.224998474121094,2334
2023-11-06,44.832000732421875,47.0,44.69499969482422,47.0,2335
2023-11-07,46.05699920654297,47.04999923706055,45.005001068115234,45.2400016784668,2222
2023-11-08,45.777000427246094,46.209999084472656,45.0,45.75,908
2023-11-09,48.12900161743164,49.060001373291016,45.0099983215332,45.0099983215332,1555
2023-11-10,46.63199996948242,47.35499954223633,45.73500061035156,47.04499816894531,268
2023-11-13,47.87300109863281,47.994998931884766,44.564998626708984,45.939998626708984,195
2023-11-14,47.608001708984375,48.0,46.064998626708984,46.89500045776367,1538
2023-11-15,47.0369987487793,49.380001068115234,46.48500061035156,48.494998931884766,349
2023-11-16,45.8489990234375,47.81999969482422,45.48500061035156,46.470001220703125,239
2023-11-17,45.06399917602539,46.75,44.849998474121094,46.099998474121094,285
2023-11-20,45.82099914550781,47.52000045776367,45.209999084472656,47.03499984741211,849
2023-11-21,44.064998626708984,46.17499923706055,43.20500183105469,46.17499923706055,1487
2023-11-22,44.61600112915039,45.130001068115234,43.35499954223633,44.04999923706055,248
2023-11-23,46.58000183105469,47.07500076293945,44.93000030517578,46.25,248
2023-11-24,46.65700149536133,47.18000030517578,44.93000030517578,46.25,355
2023-11-27,43.98400115966797,45.04499816894531,43.7400016784668,45.04499816894531,1244
2023-11-28,42.77399826049805,44.095001220703125,42.06999969482422,44.095001220703125,4863
2023-11-29,40.36000061035156,41.275001525878906,39.56999969482422,41.275001525878906,3464
2023-11-30,42.090999603271484,43.029998779296875,40.375,40.439998626708984,1661
2023-12-01,43.49599838256836,44.119998931884766,41.744998931884766,42.79499816894531,1009
2023-12-04,40.104000091552734,41.900001525878906,39.904998779296875,41.814998626708984,852
2023-12-05,38.132999420166016,39.91999816894531,37.939998626708984,39.45500183105469,2351
2023-12-06,39.3129997253418,39.779998779296875,38.91999816894531,38.994998931884766,1323
2023-12-07,39.96799850463867,40.8849983215332,39.61000061035156,39.79999923706055,82
2023-12-08,38.597999572753906,41.650001525878906,38.595001220703125,41.275001525878906,143
2023-12-11,36.11800003051758,37.154998779296875,35.95000076293945,36.345001220703125,1187
2023-12-12,34.702999114990234,36.53499984741211,34.53499984741211,36.43000030517578,850
2023-12-13,35.8120002746582,36.25,34.67499923706055,34.67499923706055,2335
2023-12-14,34.849998474121094,36.650001525878906,34.584999084472656,36.650001525878906,413
2023-12-15,33.18899917602539,34.43000030517578,33.0099983215332,33.89500045776367,215
2023-12-18,35.52199935913086,37.3849983215332,32.46500015258789,33.6349983215332,2614
2023-12-19,32.56800079345703,34.33000183105469,32.18000030517578,34.33000183105469,584
2023-12-20,33.520999908447266,34.560001373291016,32.904998779296875,34.560001373291016,694
2023-12-21,34.202999114990234,36.244998931884766,33.970001220703125,34.27000045776367,655
2023-12-22,34.17399978637695,34.665000915527344,33.47999954223633,34.560001373291016,704
2023-12-26,34.17399978637695,34.17399978637695,34.17399978637695,34.17399978637695,0
2023-12-27,35.51300048828125,36.875,35.5,36.875,628
2023-12-28,33.10499954223633,34.01499938964844,33.10499954223633,34.01499938964844,345
2023-12-29,32.349998474121094,34.064998626708984,31.635000228881836,33.54999923706055,209
2024-01-02,30.57200050354004,33.39500045776367,30.06999969482422,33.39500045776367,317
2024-01-03,32.79499816894531,33.20500183105469,30.485000610351562,30.485000610351562,1717
2024-01-04,33.40999984741211,33.91999816894531,32.125,33.57500076293945,1119
2024-01-05,34.55099868774414,35.04499816894531,32.459999084472656,32.459999084472656,478
2024-01-08,31.579999923706055,33.95000076293945,31.315000534057617,33.75,1341
2024-01-09,30.641000747680664,31.799999237060547,30.229999542236328,30.405000686645508,504
2024-01-10,30.941999435424805,31.450000762939453,30.325000762939453,31.145000457763672,490
2024-01-11,30.816999435424805,31.0,30.235000610351562,30.700000762939453,410
2024-01-12,31.990999221801758,32.20000076293945,30.93000030517578,31.459999084472656,1418
2024-01-16,29.6560001373291,31.53499984741211,29.31999969482422,31.309999465942383,899
2024-01-17,27.70800018310547,29.600000381469727,27.440000534057617,29.135000228881836,218
2024-01-18,27.89299964904785,28.704999923706055,27.549999237060547,27.674999237060547,381
2024-01-19,28.429000854492188,29.1299991607666,28.174999237060547,28.600000381469727,290
2024-01-22,27.263999938964844,27.799999237060547,26.7549991607666,27.104999542236328,349
2024-01-23,27.226999282836914,27.780000686645508,26.725000381469727,27.375,921
2024-01-24,28.929000854492188,29.1299991607666,27.44499969482422,27.454999923706055,629
2024-01-25,27.784000396728516,29.21500015258789,27.485000610351562,28.799999237060547,123
2024-01-26,28.07900047302246,28.07900047302246,26.84000015258789,27.139999389648438,62
2024-01-29,28.173999786376953,28.950000762939453,28.155000686645508,28.540000915527344,205
2024-01-30,29.391000747680664,29.391000747680664,28.049999237060547,28.049999237060547,244
2024-01-31,30.235000610351562,31.049999237060547,29.18000030517578,29.489999771118164,204
2024-02-01,28.990999221801758,30.71500015258789,28.799999237060547,30.139999389648438,1041
2024-02-02,29.304000854492188,29.540000915527344,28.6299991607666,28.6299991607666,1461
2024-02-05,28.340999603271484,29.850000381469727,28.079999923706055,29.850000381469727,477
2024-02-06,28.60700035095215,29.200000762939453,27.799999237060547,28.420000076293945,334
2024-02-07,28.18600082397461,28.844999313354492,28.0049991607666,28.225000381469727,284
2024-02-08,27.812000274658203,28.5049991607666,27.665000915527344,28.149999618530273,585
2024-02-09,27.117000579833984,27.450000762939453,26.649999618530273,27.2549991607666,266
2024-02-12,25.729000091552734,26.325000762939453,25.6299991607666,26.18000030517578,520
2024-02-13,25.43600082397461,26.4950008392334,25.25,26.149999618530273,808
2024-02-14,24.85700035095215,25.415000915527344,24.55500030517578,25.104999542236328,820
2024-02-15,24.965999603271484,25.700000762939453,24.80500030517578,24.850000381469727,425
2024-02-16,24.82200050354004,25.200000762939453,24.415000915527344,25.200000762939453,445
2024-02-20,24.167999267578125,24.690000534057617,23.424999237060547,24.354999542236328,578
2024-02-21,23.976999282836914,24.25,23.655000686645508,24.100000381469727,476
2024-02-22,23.19300079345703,23.975000381469727,22.75,23.975000381469727,349
2024-02-23,22.93400001525879,23.450000762939453,22.649999618530273,22.770000457763672,122
2024-02-26,24.009000778198242,24.200000762939453,23.075000762939453,23.200000762939453,117
2024-02-27,24.392000198364258,24.75,23.25,23.25,110
2024-02-28,25.618999481201172,25.649999618530273,25.31999969482422,25.625,273
2024-02-29,24.864999771118164,25.549999237060547,24.795000076293945,25.549999237060547,169
2024-03-01,25.80900001525879,25.899999618530273,25.125,25.274999618530273,577
2024-03-04,26.885000228881836,27.280000686645508,24.8700008392334,25.200000762939453,381
2024-03-05,27.468000411987305,28.684999465942383,26.65999984741211,26.65999984741211,465
2024-03-06,26.57200050354004,28.559999465942383,26.149999618530273,27.065000534057617,287
2024-03-07,25.992000579833984,26.924999237060547,25.760000228881836,26.014999389648438,183
2024-03-08,26.392000198364258,26.790000915527344,25.975000381469727,26.334999084472656,355
2024-03-11,24.93000030517578,26.46500015258789,24.760000228881836,25.969999313354492,446
2024-03-12,24.774999618530273,25.010000228881836,24.354999542236328,25.010000228881836,301
2024-03-13,24.902999877929688,25.424999237060547,24.55500030517578,25.100000381469727,235
2024-03-14,26.048999786376953,26.600000381469727,24.674999237060547,24.674999237060547,511
2024-03-15,27.025999069213867,27.295000076293945,26.0,26.2549991607666,1147
2024-03-18,28.82200050354004,29.149999618530273,28.024999618530273,28.024999618530273,756
2024-03-19,28.865999221801758,29.674999237060547,27.799999237060547,28.899999618530273,368
2024-03-20,27.742000579833984,28.7450008392334,27.415000915527344,28.385000228881836,621
2024-03-21,26.402000427246094,27.389999389648438,26.350000381469727,27.045000076293945,290
2024-03-22,27.775999069213867,27.875,26.524999618530273,26.524999618530273,398
2024-03-25,28.48900032043457,29.06999969482422,28.06999969482422,28.825000762939453,127
2024-03-26,27.131999969482422,28.104999542236328,27.131999969482422,27.610000610351562,563
2024-03-27,27.687000274658203,27.687000274658203,27.149999618530273,27.350000381469727,174
2024-03-28,27.34000015258789,28.125,27.19499969482422,27.549999237060547,0
2024-04-02,26.202999114990234,27.5,26.045000076293945,27.350000381469727,714
2024-04-03,25.562999725341797,25.954999923706055,25.184999465942383,25.700000762939453,1769
2024-04-04,26.20599937438965,26.55500030517578,25.520000457763672,25.684999465942383,1347
2024-04-05,26.606000900268555,27.024999618530273,26.06999969482422,26.559999465942383,460
2024-04-08,27.908000946044922,28.204999923706055,26.459999084472656,26.4950008392334,895
2024-04-09,27.35099983215332,28.56999969482422,27.18000030517578,27.954999923706055,671
2024-04-10,27.100000381469727,27.8700008392334,26.825000762939453,27.530000686645508,1460
2024-04-11,29.37700080871582,29.684999465942383,27.645000457763672,27.75,1133
2024-04-12,30.73200035095215,30.979999542236328,28.950000762939453,29.565000534057617,1278
2024-04-15,31.14299964904785,31.559999465942383,29.850000381469727,31.229999542236328,530
2024-04-16,33.138999938964844,33.709999084472656,31.844999313354492,32.02000045776367,719
2024-04-17,31.288999557495117,33.70000076293945,31.200000762939453,33.70000076293945,543
2024-04-18,32.308998107910156,32.6150016784668,30.389999389648438,30.979999542236328,700
2024-04-19,30.757999420166016,33.71500015258789,30.575000762939453,33.6150016784668,644
2024-04-22,29.309999465942383,30.424999237060547,29.075000762939453,29.850000381469727,383
2024-04-23,28.41699981689453,29.905000686645508,28.399999618530273,28.96500015258789,171
2024-04-24,29.01799964904785,29.329999923706055,28.200000762939453,29.1200008392334,228
2024-04-25,29.770999908447266,30.649999618530273,29.360000610351562,29.645000457763672,90
2024-04-26,28.88599967956543,30.264999389648438,28.88599967956543,29.864999771118164,66
2024-04-29,27.993999481201172,27.993999481201172,27.993999481201172,27.993999481201172,129
2024-04-30,29.118000030517578,29.5049991607666,28.450000762939453,28.450000762939453,425
2024-05-01,28.729999542236328,29.05500030517578,28.475000381469727,28.700000762939453,794
2024-05-02,30.913000106811523,31.174999237060547,28.524999618530273,28.524999618530273,1619
2024-05-03,30.527999877929688,31.780000686645508,30.045000076293945,30.709999084472656,1085
2024-05-06,31.801000595092773,32.17499923706055,30.719999313354492,30.719999313354492,1101
2024-05-07,31.066999435424805,32.14500045776367,30.565000534057617,31.600000381469727,1814
2024-05-08,30.608999252319336,31.049999237060547,30.045000076293945,30.584999084472656,1373
2024-05-09,30.864999771118164,31.5,30.440000534057617,30.834999084472656,1087
2024-05-10,30.02899932861328,31.565000534057617,29.655000686645508,30.739999771118164,1249
2024-05-13,29.577999114990234,29.875,29.165000915527344,29.594999313354492,1212
2024-05-14,29.66900062561035,30.200000762939453,29.329999923706055,29.764999389648438,1493
2024-05-15,29.733999252319336,30.549999237060547,29.5,29.584999084472656,1354
2024-05-16,30.24799919128418,30.75,29.510000228881836,29.510000228881836,1150
2024-05-17,30.768999099731445,31.020000457763672,30.25,30.8799991607666,806
2024-05-20,31.76799964904785,32.16999816894531,31.2450008392334,31.31999969482422,838
2024-05-21,33.00400161743164,33.20500183105469,31.329999923706055,31.625,785
2024-05-22,34.388999938964844,34.75,32.83000183105469,32.880001068115234,1013
2024-05-23,35.22800064086914,36.165000915527344,33.85499954223633,34.619998931884766,1226
2024-05-24,34.1150016784668,35.599998474121094,33.5,35.599998474121094,756
2024-05-28,33.534000396728516,34.79999923706055,33.380001068115234,34.40999984741211,159
2024-05-29,33.87900161743164,34.29999923706055,33.400001525878906,34.1349983215332,167
2024-05-30,35.19200134277344,35.19200134277344,33.599998474121094,33.875,219
2024-05-31,34.222999572753906,35.70000076293945,34.130001068115234,35.279998779296875,370
2024-06-03,36.013999938964844,38.5,35.69499969482422,36.22999954223633,427
2024-06-04,33.797000885009766,36.47999954223633,33.689998626708984,36.07500076293945,931
2024-06-05,33.35499954223633,34.380001068115234,33.17499923706055,33.75,1080
2024-06-06,33.68600082397461,34.150001525878906,32.959999084472656,33.224998474121094,428
2024-06-07,33.10900115966797,33.404998779296875,32.814998626708984,32.8849983215332,363
2024-06-10,34.257999420166016,34.67499923706055,32.43000030517578,33.005001068115234,617
2024-06-11,34.28499984741211,35.334999084472656,33.58000183105469,33.67499923706055,263
2024-06-12,35.29399871826172,36.025001525878906,33.93000030517578,34.05500030517578,426
2024-06-13,35.7239990234375,36.75,35.560001373291016,35.665000915527344,396
2024-06-14,35.36000061035156,36.04499816894531,34.849998474121094,35.375,407
2024-06-17,34.209999084472656,35.400001525878906,34.20000076293945,35.400001525878906,412
2024-06-18,34.70000076293945,35.04999923706055,34.279998779296875,34.279998779296875,604
2024-06-20,34.4640007019043,35.689998626708984,34.25,34.529998779296875,894
2024-06-21,33.93600082397461,34.55500030517578,33.869998931884766,34.400001525878906,522
2024-06-24,34.08000183105469,34.54999923706055,33.79999923706055,33.79999923706055,213
2024-06-25,34.85300064086914,34.875,34.32500076293945,34.32500076293945,172
2024-06-26,33.82400131225586,35.150001525878906,33.82400131225586,35.150001525878906,77
2024-06-27,34.564998626708984,34.564998626708984,34.125,34.125,79
2024-06-28,34.47999954223633,34.744998931884766,34.04999923706055,34.67499923706055,457
2024-07-01,33.48500061035156,34.94499969482422,33.41999816894531,34.5,208
2024-07-02,33.685001373291016,33.869998931884766,33.17499923706055,33.525001525878906,668
2024-07-03,32.691001892089844,33.38999938964844,32.64500045776367,33.25,1244
2024-07-05,33.06700134277344,33.79999923706055,32.415000915527344,32.505001068115234,790
2024-07-08,32.2859992980957,33.70000076293945,32.04999923706055,33.19499969482422,1010
2024-07-09,31.334999084472656,32.17499923706055,30.950000762939453,32.17499923706055,1054
2024-07-10,30.784000396728516,31.69499969482422,30.635000228881836,31.25,1395
2024-07-11,31.11199951171875,31.405000686645508,30.405000686645508,30.850000381469727,849
2024-07-12,31.7189998626709,32.28499984741211,30.920000076293945,31.270000457763672,899
2024-07-15,31.371000289916992,31.93000030517578,31.075000762939453,31.860000610351562,796
2024-07-16,32.797000885009766,33.02000045776367,31.4950008392334,31.4950008392334,386
2024-07-17,31.89299964904785,33.25,31.600000381469727,32.904998779296875,751
2024-07-18,32.67399978637695,32.755001068115234,31.81999969482422,31.84000015258789,199
2024-07-19,32.16999816894531,32.529998779296875,31.725000381469727,32.529998779296875,223
2024-07-22,31.839000701904297,31.950000762939453,31.19499969482422,31.799999237060547,347
2024-07-23,31.621999740600586,31.829999923706055,31.334999084472656,31.6200008392334,1115
2024-07-24,32.62099838256836,32.94499969482422,31.520000457763672,31.524999618530273,655
2024-07-25,31.77899932861328,32.380001068115234,31.690000534057617,32.380001068115234,745
2024-07-26,32.474998474121094,32.779998779296875,32.1349983215332,32.1349983215332,70
2024-07-29,33.87300109863281,33.93000030517578,33.349998474121094,33.474998474121094,82
2024-07-30,34.361000061035156,34.361000061035156,33.7400016784668,33.7400016784668,134
2024-07-31,35.86800003051758,35.95000076293945,35.10499954223633,35.73500061035156,292
2024-08-01,36.96900177001953,37.02000045776367,35.810001373291016,36.13999938964844,817
2024-08-02,36.64899826049805,37.09000015258789,36.06999969482422,36.66999816894531,945
2024-08-05,35.49800109863281,36.77000045776367,34.82500076293945,36.77000045776367,708
2024-08-06,36.67599868774414,37.025001525878906,36.05500030517578,36.25,426
2024-08-07,38.45100021362305,38.7599983215332,35.935001373291016,36.755001068115234,998
2024-08-08,40.095001220703125,40.29999923706055,38.19499969482422,38.619998931884766,1074
2024-08-09,40.395999908447266,40.71500015258789,39.57500076293945,40.03499984741211,840
2024-08-12,39.65800094604492,42.86000061035156,39.26499938964844,39.625,1288
2024-08-13,39.47999954223633,40.39500045776367,38.79499816894531,39.39500045776367,853
2024-08-14,38.96699905395508,40.17499923706055,38.65999984741211,39.56999969482422,847
2024-08-15,39.60100173950195,39.904998779296875,38.84000015258789,39.095001220703125,680
2024-08-16,39.64400100708008,40.060001373291016,39.189998626708984,39.689998626708984,632
2024-08-19,39.845001220703125,40.400001525878906,39.10499954223633,39.26499938964844,738
2024-08-20,37.957000732421875,40.07500076293945,37.619998931884766,39.29499816894531,775
2024-08-21,37.0099983215332,38.46500015258789,36.904998779296875,37.90999984741211,566
2024-08-22,36.58700180053711,37.564998626708984,36.20000076293945,37.224998474121094,540
2024-08-23,36.862998962402344,37.31999969482422,36.150001525878906,36.974998474121094,532
2024-08-26,37.65599822998047,37.85499954223633,36.17499923706055,36.775001525878906,107
2024-08-27,38.68899917602539,38.900001525878906,37.404998779296875,37.474998474121094,191
2024-08-28,38.52000045776367,39.29999923706055,38.52000045776367,39.29999923706055,7
2024-08-29,38.60100173950195,38.98500061035156,38.14500045776367,38.54999923706055,308
2024-08-30,39.823001861572266,40.23500061035156,38.849998474121094,38.98500061035156,396
2024-09-03,37.19300079345703,39.845001220703125,36.9900016784668,39.845001220703125,473
2024-09-04,35.79800033569336,37.0,35.60499954223633,36.814998626708984,565
2024-09-05,36.19499969482422,36.709999084472656,35.60499954223633,35.70500183105469,847
2024-09-06,36.479000091552734,37.53499984741211,36.349998474121094,37.04999923706055,545
2024-09-09,37.33300018310547,37.474998474121094,36.349998474121094,36.900001525878906,545
2024-09-10,35.28200149536133,37.845001220703125,34.89500045776367,37.39500045776367,547
2024-09-11,36.141998291015625,36.29499816894531,34.8849983215332,35.45000076293945,422
2024-09-12,35.191001892089844,35.849998474121094,34.845001220703125,35.83000183105469,443
2024-09-13,35.64799880981445,36.17499923706055,35.14500045776367,35.189998626708984,485
2024-09-16,34.08100128173828,35.14500045776367,33.96500015258789,35.11000061035156,332
2024-09-17,35.547000885009766,35.75,34.125,34.150001525878906,266
2024-09-18,35.244998931884766,35.744998931884766,34.70500183105469,35.185001373291016,229
2024-09-19,33.08300018310547,36.69499969482422,32.525001525878906,35.97999954223633,650
2024-09-20,34.444000244140625,35.08000183105469,33.8650016784668,34.48500061035156,214
2024-09-23,36.21099853515625,36.29499816894531,34.56999969482422,34.900001525878906,253
2024-09-24,35.41299819946289,36.45500183105469,35.30500030517578,36.45500183105469,207
2024-09-25,37.319000244140625,37.505001068115234,36.14500045776367,36.3650016784668,76
2024-09-26,37.88999938964844,37.91999816894531,36.70000076293945,37.029998779296875,100
2024-09-27,38.11399841308594,38.125,37.279998779296875,37.279998779296875,98
2024-09-30,39.04399871826172,39.27000045776367,38.70500183105469,39.20500183105469,142
2024-10-01,39.27299880981445,39.599998474121094,37.44499969482422,38.39500045776367,205
2024-10-02,38.617000579833984,39.900001525878906,38.42499923706055,39.900001525878906,226
2024-10-03,39.9119987487793,39.9119987487793,38.14500045776367,38.39500045776367,196
2024-10-04,40.97999954223633,41.16999816894531,39.375,39.625,133
2024-10-07,40.24399948120117,40.94499969482422,39.505001068115234,40.20500183105469,207
2024-10-08,38.91899871826172,40.18000030517578,38.70000076293945,40.18000030517578,264
2024-10-09,38.340999603271484,39.15999984741211,38.099998474121094,38.404998779296875,253
2024-10-10,40.292999267578125,40.349998474121094,38.404998779296875,38.404998779296875,274
2024-10-11,39.87900161743164,40.57500076293945,39.52000045776367,39.8650016784668,217
2024-10-14,40.558998107910156,40.70500183105469,39.23500061035156,39.31999969482422,116
2024-10-15,39.972999572753906,40.09000015258789,38.974998474121094,39.849998474121094,118
2024-10-16,39.24100112915039,40.2599983215332,39.154998779296875,40.20500183105469,155
2024-10-17,39.650001525878906,40.029998779296875,39.310001373291016,39.45000076293945,135
2024-10-18,39.20399856567383,39.7400016784668,39.10499954223633,39.7400016784668,209
2024-10-21,40.02399826049805,40.21500015258789,39.650001525878906,39.810001373291016,199
2024-10-22,40.70399856567383,41.005001068115234,39.790000915527344,39.93000030517578,215
2024-10-23,41.380001068115234,41.75,40.650001525878906,40.79999923706055,388
2024-10-24,42.15399932861328,42.630001068115234,41.75,41.849998474121094,323
2024-10-25,43.51300048828125,43.56999969482422,42.20000076293945,42.20000076293945,268
2024-10-28,42.51900100708008,42.724998474121094,41.880001068115234,42.5,131
2024-10-29,42.86899948120117,43.60499954223633,42.86899948120117,43.439998626708984,41
2024-10-30,40.90299987792969,41.564998626708984,40.90299987792969,41.564998626708984,207
2024-10-31,40.5880012512207,41.4900016784668,38.06999969482422,41.224998474121094,423
2024-11-01,39.17499923706055,40.380001068115234,38.54999923706055,39.32500076293945,1352
2024-11-04,40.30099868774414,40.525001525878906,39.43000030517578,39.494998931884766,1500
2024-11-05,40.492000579833984,41.20000076293945,40.30500030517578,40.33000183105469,2213
2024-11-06,40.38800048828125,40.75,39.040000915527344,40.099998474121094,2803
2024-11-07,41.2760009765625,41.57500076293945,40.3849983215332,40.505001068115234,4669
2024-11-08,42.409000396728516,43.05500030517578,41.974998474121094,42.32500076293945,7861
2024-11-11,43.72800064086914,44.11000061035156,41.67499923706055,41.67499923706055,8189
2024-11-12,44.255001068115234,44.435001373291016,43.0,43.81999969482422,7781
2024-11-13,43.66600036621094,44.10499954223633,42.20000076293945,43.625,8322
2024-11-14,46.2239990234375,46.5099983215332,44.994998931884766,45.505001068115234,9375
2024-11-15,46.55099868774414,47.40999984741211,45.45000076293945,46.0,20423
2024-11-18,46.900001525878906,47.125,45.3849983215332,45.47999954223633,9479
2024-11-19,45.667999267578125,47.314998626708984,45.599998474121094,46.654998779296875,15988
2024-11-20,46.79600143432617,47.22999954223633,45.275001525878906,45.36000061035156,24271
2024-11-21,48.303001403808594,48.724998474121094,47.119998931884766,47.119998931884766,11918
2024-11-22,47.018001556396484,49.2400016784668,46.775001525878906,49.04999923706055,10600
2024-11-25,47.733001708984375,48.880001068115234,47.400001525878906,47.665000915527344,673
2024-11-26,47.215999603271484,48.290000915527344,46.130001068115234,47.380001068115234,185
2024-11-27,46.762001037597656,46.79999923706055,46.0,46.53499984741211,236
2024-11-29,47.81100082397461,47.95000076293945,46.23500061035156,47.47999954223633,594
2024-12-02,48.654998779296875,49.29499816894531,48.349998474121094,48.86000061035156,3849
2024-12-03,48.55699920654297,49.04999923706055,48.25,48.93000030517578,3526
2024-12-04,47.04600143432617,48.150001525878906,46.709999084472656,48.099998474121094,6876
2024-12-05,46.55099868774414,47.560001373291016,46.005001068115234,47.5099983215332,6281
2024-12-06,46.47999954223633,46.70000076293945,45.95000076293945,46.25,4410
2024-12-09,44.85499954223633,46.30500030517578,44.7400016784668,46.20000076293945,12527
2024-12-10,45.551998138427734,45.845001220703125,44.45000076293945,44.54999923706055,7635
2024-12-11,44.694000244140625,45.959999084472656,44.400001525878906,45.25,17844
2024-12-12,42.80400085449219,44.45000076293945,42.494998931884766,44.400001525878906,17348
2024-12-13,41.21500015258789,43.244998931884766,41.0099983215332,42.540000915527344,22343
2024-12-16,40.277000427246094,40.584999084472656,38.95500183105469,40.185001373291016,11204
2024-12-17,42.064998626708984,42.14500045776367,39.95500183105469,40.5,3026
2024-12-18,41.00699996948242,42.400001525878906,40.630001068115234,42.35499954223633,3554
2024-12-19,43.077999114990234,43.6150016784668,39.834999084472656,41.474998474121094,1825
2024-12-20,44.130001068115234,44.46500015258789,42.78499984741211,43.875,1532
2024-12-23,45.54499816894531,45.834999084472656,43.79999923706055,44.334999084472656,1153
2024-12-24,45.73099899291992,46.54999923706055,45.29999923706055,45.75,155
2024-12-26,45.73099899291992,45.73099899291992,45.73099899291992,45.73099899291992,0
2024-12-27,47.73099899291992,47.93000030517578,46.79999923706055,47.18000030517578,258
2024-12-30,47.632999420166016,48.29999923706055,47.23500061035156,48.29999923706055,212
2024-12-31,48.888999938964844,50.529998779296875,48.224998474121094,48.349998474121094,375
2025-01-02,50.27299880981445,50.69499969482422,48.6150016784668,50.21500015258789,714
2025-01-03,49.62200164794922,50.349998474121094,49.3849983215332,49.904998779296875,3661
